{"cameraMode":{"drawMode":0,"name":"Shaded","section":"Shading Mode"},"sceneLighting":true,"audioPlay":false,"sceneViewState":{"showFog":true,"showMaterialUpdate":false,"showSkybox":true,"showFlares":true,"showImageEffects":true,"showParticleSystems":true},"in2DMode":false,"pivot":{"x":-5.0016913414001469,"y":-6.623982906341553,"z":1.8662358522415162},"rotation":{"x":-0.34471678733825686,"y":0.48850440979003909,"z":-0.21833401918411256,"w":-0.771274983882904},"size":11.411661148071289,"orthographic":false}